user,deleted,date,text,url
JohnDaytrader,TRUE,2022-11-14,@BloombergTV https://t.co/leJq1KRZXq,https://web.archive.org/web/20221114113831/https://twitter.com/JohnDaytrader/status/1592119785449754626
JohnDaytrader,TRUE,2022-11-11,@Breaking911 Keep sending money to Ukraineâ€¦ https://t.co/uB99EBmWuO,https://web.archive.org/web/20221111013052/https://twitter.com/JohnDaytrader/status/1590879701719191552
JohnDaytrader,TRUE,2022-10-10,@RayDalio https://t.co/hNmM5TQNbf,https://web.archive.org/web/20221010203615/https://twitter.com/JohnDaytrader/status/1579571535152844802
JohnDaytrader,TRUE,2022-09-23,@DeItaone https://t.co/yiSF2Oz6hz,https://web.archive.org/web/20220923103626/https://twitter.com/JohnDaytrader/status/1573259992643375105
JohnDaytrader,TRUE,2022-09-07,Nuclear energy is the future.  Look at all the Asian countries that are building nuclear plants - they know.  Buy uranium $CCJ $UUUU $DNN $URNM $URA,https://web.archive.org/web/20220907190902/https://twitter.com/JohnDaytrader/status/1567590652900265987
JohnDaytrader,TRUE,2022-09-07,,https://web.archive.org/web/20220907023525/https://twitter.com/JohnDaytrader/status/1567340467070681088
JohnDaytrader,TRUE,2022-09-07,,https://web.archive.org/web/20220907023505/https://twitter.com/JohnDaytrader/status/1567340006607298561
JohnDaytrader,TRUE,2022-07-28,,https://web.archive.org/web/20220728170715/https://twitter.com/JohnDaytrader/status/1552612077688209408
JohnDaytrader,TRUE,2022-07-13,#Bidenflation,https://web.archive.org/web/20220713135206/https://twitter.com/JohnDaytrader/status/1547217078129774592
JohnDaytrader,TRUE,2022-07-13,Message for Bidenâ€¦ #inflation #BidenDestroysAmerica #Bidenflation,https://web.archive.org/web/20220713135045/https://twitter.com/JohnDaytrader/status/1547216499030560769
JohnDaytrader,TRUE,2022-06-19,#inflation  https://twitter.com/nestorkim/status/1537445280684965893?s=21&t=OMJzzfy_hRDHustLMEJHRA,https://web.archive.org/web/20220619153620/https://twitter.com/JohnDaytrader/status/1538540766401789952
JohnDaytrader,TRUE,2022-06-17,https://twitter.com/nestorkim/status/1536997088042811392?s=21&t=B1tEk2OhHSi0jDTCPkcYPg,https://web.archive.org/web/20220617120813/https://twitter.com/JohnDaytrader/status/1537768929128505346
JohnDaytrader,TRUE,2022-06-16,https://twitter.com/nestorkim/status/1536998068125581313?s=21&t=DGG_iIsFKURHjfYAZ6V13g,https://web.archive.org/web/20220616202628/https://twitter.com/JohnDaytrader/status/1537531916748050433
JohnDaytrader,TRUE,2022-06-16,#BidenGasCrisis   #BidenGasHike  https://twitter.com/nestorkim/status/1536998068125581313?s=21&t=DGG_iIsFKURHjfYAZ6V13g,https://web.archive.org/web/20220616201147/https://twitter.com/JohnDaytrader/status/1537528276066893825
JohnDaytrader,TRUE,2022-06-16,https://twitter.com/nestorkim/status/1536997088042811392?s=21&t=DGG_iIsFKURHjfYAZ6V13g,https://web.archive.org/web/20220616200920/https://twitter.com/JohnDaytrader/status/1537527599521464322
JohnDaytrader,TRUE,2022-06-16,https://twitter.com/nestorkim/status/1536997088042811392?s=21&t=DGG_iIsFKURHjfYAZ6V13g,https://web.archive.org/web/20220616200807/https://twitter.com/JohnDaytrader/status/1537527233794940929
JohnDaytrader,TRUE,2022-06-16,https://twitter.com/nestorkim/status/1537445280684965893?s=21&t=DGG_iIsFKURHjfYAZ6V13g,https://web.archive.org/web/20220616200451/https://twitter.com/JohnDaytrader/status/1537526434603859968
JohnDaytrader,TRUE,2022-06-16,https://twitter.com/nestorkim/status/1537445280684965893?s=21&t=DGG_iIsFKURHjfYAZ6V13g,https://web.archive.org/web/20220616200841/https://twitter.com/JohnDaytrader/status/1537526244627062784
JohnDaytrader,TRUE,2022-06-16,https://twitter.com/nestorkim/status/1537445280684965893?s=21&t=DGG_iIsFKURHjfYAZ6V13g,https://web.archive.org/web/20220616200317/https://twitter.com/JohnDaytrader/status/1537525368919314433
JohnDaytrader,TRUE,2022-06-16,https://twitter.com/nestorkim/status/1536997088042811392?s=21&t=WkX_xnF7eW7qwIlx67RsoQ,https://web.archive.org/web/20220616140446/https://twitter.com/JohnDaytrader/status/1537435807018909697
JohnDaytrader,TRUE,2022-06-16,#housingmarket  https://twitter.com/nestorkim/status/1536997088042811392?s=21&t=WkX_xnF7eW7qwIlx67RsoQ,https://web.archive.org/web/20220616140414/https://twitter.com/JohnDaytrader/status/1537435465602584576
JohnDaytrader,TRUE,2022-06-16,https://twitter.com/nestorkim/status/1536998068125581313?s=21&t=WkX_xnF7eW7qwIlx67RsoQ,https://web.archive.org/web/20220616124148/https://twitter.com/JohnDaytrader/status/1537414760769241094
JohnDaytrader,TRUE,2022-06-16,https://twitter.com/nestorkim/status/1536997088042811392?s=21&t=WkX_xnF7eW7qwIlx67RsoQ,https://web.archive.org/web/20220616123310/https://twitter.com/JohnDaytrader/status/1537412810887598080
JohnDaytrader,TRUE,2022-06-15,#BidenGasHike   #BidenGasCrisis  https://twitter.com/nestorkim/status/1536998068125581313?s=21&t=-jvqnLM3oXVj82pK92_0xg,https://web.archive.org/web/20220615170252/https://twitter.com/JohnDaytrader/status/1537116185615122433
JohnDaytrader,TRUE,2022-06-15,#BidenGasHike   #BidenDestroysAmerica  https://twitter.com/nestorkim/status/1536998068125581313?s=21&t=-jvqnLM3oXVj82pK92_0xg,https://web.archive.org/web/20220615150142/https://twitter.com/JohnDaytrader/status/1537087743486005250
JohnDaytrader,TRUE,2022-06-15,#BidenIsAFailure   #BidenGasCrisis   #BidensAmerica   #BidenGasHike  https://twitter.com/nestorkim/status/1536998068125581313?s=21&t=-jvqnLM3oXVj82pK92_0xg,https://web.archive.org/web/20220615142729/https://twitter.com/JohnDaytrader/status/1537075503995269120
JohnDaytrader,TRUE,2022-06-15,#BidenGasHike   #BidenDestroysAmerica   #BidensAmerica  https://twitter.com/nestorkim/status/1536998068125581313?s=21&t=k07W3CSIg1ynRFfktFv9MA,https://web.archive.org/web/20220615124221/https://twitter.com/JohnDaytrader/status/1537052532048109570
JohnDaytrader,TRUE,2022-06-15,#recession  https://twitter.com/nestorkim/status/1536997088042811392?s=21&t=k07W3CSIg1ynRFfktFv9MA,https://web.archive.org/web/20220615123958/https://twitter.com/JohnDaytrader/status/1537052096729579522
JohnDaytrader,TRUE,2022-06-15,#BidenWorstPresidentEver   #BidenDestroysAmerica  https://twitter.com/nestorkim/status/1536998068125581313?s=21&t=k07W3CSIg1ynRFfktFv9MA,https://web.archive.org/web/20220615122456/https://twitter.com/JohnDaytrader/status/1537048180801654784
JohnDaytrader,TRUE,2022-06-15,#BidenGasHike   #BidenGasCrisis   #BidenDestroysAmerica  https://twitter.com/nestorkim/status/1536998068125581313?s=21&t=k07W3CSIg1ynRFfktFv9MA,https://web.archive.org/web/20220615122158/https://twitter.com/JohnDaytrader/status/1537047526594990081
JohnDaytrader,TRUE,2022-06-15,#BidenGasCrisis   #BidenGasHike   #BidenDestroysAmerica   #BidensAmerica  https://twitter.com/nestorkim/status/1536998068125581313?s=21&t=k07W3CSIg1ynRFfktFv9MA,https://web.archive.org/web/20220615114650/https://twitter.com/JohnDaytrader/status/1537038781697642498
JohnDaytrader,TRUE,2022-06-15,#BidenGasCrisis   #BidenGasHike   #BidenDestroysAmerica  https://twitter.com/nestorkim/status/1536998068125581313?s=21&t=k07W3CSIg1ynRFfktFv9MA,https://web.archive.org/web/20220615105857/https://twitter.com/JohnDaytrader/status/1537026691238961152
JohnDaytrader,TRUE,2022-06-14,https://twitter.com/nestorkim/status/1536445395085271040?s=21&t=v5cI_W_-_N3e3lkYZRN1_Q,https://web.archive.org/web/20220614005131/https://twitter.com/JohnDaytrader/status/1536511458548269058
JohnDaytrader,TRUE,2022-06-12,#inflation   #economy  https://twitter.com/nestorkim/status/1535943153672499201?s=21&t=WWugGw-alosutcNamDozgw,https://web.archive.org/web/20220612143651/https://twitter.com/JohnDaytrader/status/1535994386907004928
JohnDaytrader,TRUE,2022-06-11,Did you see this  #CryptoNews  ðŸ¤£  $LUNA   $UST   $BTC   #Cryptocrash  coming https://twitter.com/nestorkim/status/1535723951493619712?s=21&t=dHSD3IY7inMNXT1a0jC1bw,https://web.archive.org/web/20220611210529/https://twitter.com/JohnDaytrader/status/1535729894528897026
JohnDaytrader,TRUE,2022-06-11,"Yes, crypto is volatile and a scam  $LUNA   $UST   #Terra_Luna   $BTC   #Cryptocrash  https://twitter.com/nestorkim/status/1535723951493619712?s=21&t=dHSD3IY7inMNXT1a0jC1bw",https://web.archive.org/web/20220611210244/https://twitter.com/JohnDaytrader/status/1535729112077189121
JohnDaytrader,TRUE,2022-06-11,Did you see this news?!?!  $LUNA   $UST   $BTC   #CryptoMarket  https://twitter.com/nestorkim/status/1535723951493619712?s=21&t=dHSD3IY7inMNXT1a0jC1bw,https://web.archive.org/web/20220611205923/https://twitter.com/JohnDaytrader/status/1535728388626960385
JohnDaytrader,TRUE,2022-06-11,"With this news, very very soon! https://twitter.com/nestorkim/status/1535723951493619712?s=21&t=dHSD3IY7inMNXT1a0jC1bw",https://web.archive.org/web/20220611205741/https://twitter.com/JohnDaytrader/status/1535727934065070082
JohnDaytrader,TRUE,2022-06-10,https://twitter.com/nestorkim/status/1535287552047034371?s=21&t=dBoW6fiWvvrAt8Vl7RParA,https://web.archive.org/web/20220610160819/https://twitter.com/JohnDaytrader/status/1535292675271888897
JohnDaytrader,TRUE,2022-05-23,$AAPL  down -$2.50 Going lower,https://web.archive.org/web/20220523221408/https://twitter.com/JohnDaytrader/status/1528861745812742145
JohnDaytrader,TRUE,2022-05-21,https://twitter.com/gregcrennan/status/1528029807849504768?s=21&t=_jMVnekw1zlMGFJwcgatDw,https://web.archive.org/web/20220521151540/https://twitter.com/JohnDaytrader/status/1528031717927297024
JohnDaytrader,TRUE,2022-05-21,https://twitter.com/nestorkim/status/1527465959795183634?s=21&t=_jMVnekw1zlMGFJwcgatDw,https://web.archive.org/web/20220521143131/https://twitter.com/JohnDaytrader/status/1528020599880261632
JohnDaytrader,TRUE,2022-05-21,Give us an update whatâ€™s going on with the ports in China?  #SupplyChain  https://twitter.com/nestorkim/status/1524051318914138112?s=21&t=tIEVyLbHnZP8wPn_b68pHg,https://web.archive.org/web/20220521130518/https://twitter.com/JohnDaytrader/status/1527998751859740673
JohnDaytrader,TRUE,2022-05-21,#SupplyChain   #Inflation  https://twitter.com/nestorkim/status/1524051318914138112?s=21&t=tIEVyLbHnZP8wPn_b68pHg,https://web.archive.org/web/20220521125447/https://twitter.com/JohnDaytrader/status/1527996140242800647
JohnDaytrader,TRUE,2022-05-21,#cryptotrading   #Crypto  https://twitter.com/nestorkim/status/1524476530314948608?s=21&t=tIEVyLbHnZP8wPn_b68pHg,https://web.archive.org/web/20220521125310/https://twitter.com/JohnDaytrader/status/1527995745105854464
JohnDaytrader,TRUE,2022-05-21,pic.twitter.com/1PPt9neISz,https://web.archive.org/web/20220521110903/https://twitter.com/JohnDaytrader/status/1527969675090485253
JohnDaytrader,TRUE,2022-05-20,https://twitter.com/nestorkim/status/1527465959795183634?s=21&t=5hrfxKndVPYZSNqYR_6WAg,https://web.archive.org/web/20220520103011/https://twitter.com/JohnDaytrader/status/1527597366144032768
JohnDaytrader,TRUE,2022-05-20,https://twitter.com/nestorkim/status/1527465959795183634?s=21&t=5hrfxKndVPYZSNqYR_6WAg,https://web.archive.org/web/20220520101112/https://twitter.com/JohnDaytrader/status/1527592660726431744
JohnDaytrader,TRUE,2022-05-19,$LUNA  https://twitter.com/nestorkim/status/1524476530314948608?s=21&t=cgNmY3nf_E9Y0SmpcmC5Qw,https://web.archive.org/web/20220519211709/https://twitter.com/JohnDaytrader/status/1527397785238126593
JohnDaytrader,TRUE,2022-05-19,They wonâ€™t be able to fix thisâ€¦ https://twitter.com/nestorkim/status/1524051318914138112?s=21&t=cgNmY3nf_E9Y0SmpcmC5Qw,https://web.archive.org/web/20220519210237/https://twitter.com/JohnDaytrader/status/1527394136638242817
JohnDaytrader,TRUE,2022-05-19,https://twitter.com/nestorkim/status/1527331438625886208?s=21&t=4guJoFrQDCcSvNOfXowtvQ,https://web.archive.org/web/20220519173317/https://twitter.com/JohnDaytrader/status/1527341403902476289
JohnDaytrader,TRUE,2022-05-19,https://twitter.com/nestorkim/status/1527319907813056515?s=21&t=4guJoFrQDCcSvNOfXowtvQ,https://web.archive.org/web/20220519162330/https://twitter.com/JohnDaytrader/status/1527323477820071938
JohnDaytrader,TRUE,2022-05-19,#supplychain  issue going to be worse than ever https://twitter.com/nestorkim/status/1524051318914138112?s=21&t=cC7eHjtn5UlKlI36P1QlcA,https://web.archive.org/web/20220519130530/https://twitter.com/JohnDaytrader/status/1527274097822306304
JohnDaytrader,TRUE,2022-05-19,#supplychain  disaster coming soon https://twitter.com/nestorkim/status/1524051318914138112?s=21&t=cC7eHjtn5UlKlI36P1QlcA,https://web.archive.org/web/20220519123602/https://twitter.com/JohnDaytrader/status/1527266475500785665
JohnDaytrader,TRUE,2022-05-18,https://twitter.com/nestorkim/status/1524051318914138112?s=21&t=pb8OKVC52vr23eZgY8I1Gw,https://web.archive.org/web/20220518133257/https://twitter.com/JohnDaytrader/status/1526918506079522819
JohnDaytrader,TRUE,2022-05-17,https://twitter.com/nestorkim/status/1524051318914138112?s=21&t=y5zTDOodeQ0FBS9-wd-Zcg,https://web.archive.org/web/20220517122623/https://twitter.com/JohnDaytrader/status/1526539399638487041
JohnDaytrader,TRUE,2022-05-16,https://twitter.com/nestorkim/status/1524478599096582144?s=21&t=mV4mVzynzYqFwGvMJI1Sog,https://web.archive.org/web/20220516180514/https://twitter.com/JohnDaytrader/status/1526262411040370689
JohnDaytrader,TRUE,2022-05-16,https://twitter.com/nestorkim/status/1524051318914138112?s=21&t=udnDscKqgsKR_cW5b9UMZQ,https://web.archive.org/web/20220516025320/https://twitter.com/JohnDaytrader/status/1526032885731536903
JohnDaytrader,TRUE,2022-05-16,https://twitter.com/nestorkim/status/1524051318914138112?s=21&t=udnDscKqgsKR_cW5b9UMZQ,https://web.archive.org/web/20220516025231/https://twitter.com/JohnDaytrader/status/1526032646232580096
JohnDaytrader,TRUE,2022-05-16,https://twitter.com/nestorkim/status/1524051318914138112?s=21&t=udnDscKqgsKR_cW5b9UMZQ,https://web.archive.org/web/20220516025208/https://twitter.com/JohnDaytrader/status/1526032582508523520
JohnDaytrader,TRUE,2022-05-16,https://twitter.com/nestorkim/status/1524051318914138112?s=21&t=udnDscKqgsKR_cW5b9UMZQ,https://web.archive.org/web/20220516025149/https://twitter.com/JohnDaytrader/status/1526032334671290368
JohnDaytrader,TRUE,2022-05-14,$LUNA   #Crypto   #cryptotrading  https://twitter.com/nestorkim/status/1524476530314948608?s=21&t=0O0fv4WjFuInwhgZLY7-yA,https://web.archive.org/web/20220514112302/https://twitter.com/JohnDaytrader/status/1525436423045791747
JohnDaytrader,TRUE,2022-05-14,$LUNA   #UST   #Terra  https://twitter.com/nestorkim/status/1524476530314948608?s=21&t=0O0fv4WjFuInwhgZLY7-yA,https://web.archive.org/web/20220514104630/https://twitter.com/JohnDaytrader/status/1525427102987829249
JohnDaytrader,TRUE,2022-05-14,#Terra   #cryptotrading   $LUNA   $UST  https://twitter.com/nestorkim/status/1524476530314948608?s=21&t=0O0fv4WjFuInwhgZLY7-yA,https://web.archive.org/web/20220514104151/https://twitter.com/JohnDaytrader/status/1525426101144768513
JohnDaytrader,TRUE,2022-05-14,$LUNA   #Terra   #UST   #crypto   #terraluna  https://twitter.com/nestorkim/status/1524476530314948608?s=21&t=0O0fv4WjFuInwhgZLY7-yA,https://web.archive.org/web/20220514103931/https://twitter.com/JohnDaytrader/status/1525425519638065152
JohnDaytrader,TRUE,2022-05-14,$LUNA   #Terra   #StableCoin   #Crypto  https://twitter.com/nestorkim/status/1524476530314948608?s=21&t=0O0fv4WjFuInwhgZLY7-yA,https://web.archive.org/web/20220514103822/https://twitter.com/JohnDaytrader/status/1525423882550886400
JohnDaytrader,TRUE,2022-05-14,$LUNA   #Terra  Luna https://twitter.com/nestorkim/status/1524476530314948608?s=21&t=0O0fv4WjFuInwhgZLY7-yA,https://web.archive.org/web/20220514102852/https://twitter.com/JohnDaytrader/status/1525422727879868416
JohnDaytrader,TRUE,2022-05-14,$LUNA   #Terra   #Crypto   #UST  https://twitter.com/nestorkim/status/1524476530314948608?s=21&t=0O0fv4WjFuInwhgZLY7-yA,https://web.archive.org/web/20220514092723/https://twitter.com/JohnDaytrader/status/1525407233844166656
JohnDaytrader,TRUE,2022-05-12,$LUNA  ðŸ¤£ https://twitter.com/nestorkim/status/1524478599096582144?s=21&t=gQ-hgKYk7s5L06eRJ8TRJg,https://web.archive.org/web/20220512185007/https://twitter.com/JohnDaytrader/status/1524824156084248576
JohnDaytrader,TRUE,2022-05-12,https://twitter.com/nestorkim/status/1524476530314948608?s=21&t=6-yj3wiEmBzlN3JqXHnZBg,https://web.archive.org/web/20220512180755/https://twitter.com/JohnDaytrader/status/1524813472097353730
JohnDaytrader,TRUE,2022-05-12,https://twitter.com/nestorkim/status/1524476530314948608?s=21&t=6-yj3wiEmBzlN3JqXHnZBg,https://web.archive.org/web/20220512164224/https://twitter.com/JohnDaytrader/status/1524791910442868737
JohnDaytrader,TRUE,2022-05-12,#Terra   $LUNA  ðŸ“‰ https://twitter.com/nestorkim/status/1524478599096582144?s=21&t=INu85b74hfDVYjfXutX0RA,https://web.archive.org/web/20220512163403/https://twitter.com/JohnDaytrader/status/1524789845553561606
JohnDaytrader,TRUE,2022-05-12,$LUNA   #Terra  ðŸ¤£ https://twitter.com/nestorkim/status/1524476530314948608?s=21&t=INu85b74hfDVYjfXutX0RA,https://web.archive.org/web/20220512163238/https://twitter.com/JohnDaytrader/status/1524789446549323782
JohnDaytrader,TRUE,2022-05-12,#Terra   $LUNA  https://twitter.com/nestorkim/status/1524478599096582144?s=21&t=INu85b74hfDVYjfXutX0RA,https://web.archive.org/web/20220512162521/https://twitter.com/JohnDaytrader/status/1524787737651515396
JohnDaytrader,TRUE,2022-05-12,$LUNA   #Terra  https://twitter.com/nestorkim/status/1524476530314948608?s=21&t=INu85b74hfDVYjfXutX0RA,https://web.archive.org/web/20220512161931/https://twitter.com/JohnDaytrader/status/1524786155224547328
JohnDaytrader,TRUE,2022-05-12,$LUNA   #Crypto  https://twitter.com/nestorkim/status/1524476530314948608?s=21&t=INu85b74hfDVYjfXutX0RA,https://web.archive.org/web/20220512124902/https://twitter.com/JohnDaytrader/status/1524733175901138944
JohnDaytrader,TRUE,2022-05-12,https://twitter.com/nestorkim/status/1524051318914138112?s=21&t=INu85b74hfDVYjfXutX0RA,https://web.archive.org/web/20220512123934/https://twitter.com/JohnDaytrader/status/1524730912491065344
JohnDaytrader,TRUE,2022-05-12,$LUNA   https://twitter.com/nestorkim/status/1524476530314948608?s=21&t=INu85b74hfDVYjfXutX0RA,https://web.archive.org/web/20220512114455/https://twitter.com/JohnDaytrader/status/1524717186920722433
JohnDaytrader,TRUE,2022-05-12,$LUNA  https://twitter.com/nestorkim/status/1524476530314948608?s=21&t=INu85b74hfDVYjfXutX0RA,https://web.archive.org/web/20220512114252/https://twitter.com/JohnDaytrader/status/1524716420529102848
JohnDaytrader,TRUE,2022-05-12,$BTC   $LUNA    #Terra  https://twitter.com/nestorkim/status/1524476530314948608?s=21&t=INu85b74hfDVYjfXutX0RA,https://web.archive.org/web/20220512113838/https://twitter.com/JohnDaytrader/status/1524715424792854529
JohnDaytrader,TRUE,2022-05-12,$USDT   $LUNA   #Terra  https://twitter.com/nestorkim/status/1524476530314948608?s=21&t=INu85b74hfDVYjfXutX0RA,https://web.archive.org/web/20220512113109/https://twitter.com/JohnDaytrader/status/1524710931057586177
JohnDaytrader,TRUE,2022-05-12,$LUNA   #Terra  https://twitter.com/nestorkim/status/1524476530314948608?s=21&t=INu85b74hfDVYjfXutX0RA,https://web.archive.org/web/20220512110316/https://twitter.com/JohnDaytrader/status/1524706476069171201
JohnDaytrader,TRUE,2022-05-12,$LUNA  https://twitter.com/nestorkim/status/1524476530314948608?s=21&t=INu85b74hfDVYjfXutX0RA,https://web.archive.org/web/20220512105218/https://twitter.com/JohnDaytrader/status/1524703892507873280
JohnDaytrader,TRUE,2022-05-12,https://twitter.com/nestorkim/status/1524476530314948608?s=21&t=INu85b74hfDVYjfXutX0RA,https://web.archive.org/web/20220512104056/https://twitter.com/JohnDaytrader/status/1524701052351782920
JohnDaytrader,TRUE,2022-05-12,https://twitter.com/nestorkim/status/1524476530314948608?s=21&t=INu85b74hfDVYjfXutX0RA,https://web.archive.org/web/20220512104005/https://twitter.com/JohnDaytrader/status/1524700740509446147
JohnDaytrader,TRUE,2022-05-12,https://twitter.com/nestorkim/status/1524476530314948608?s=21&t=INu85b74hfDVYjfXutX0RA,https://web.archive.org/web/20220512103810/https://twitter.com/JohnDaytrader/status/1524700268566351872
JohnDaytrader,TRUE,2022-05-12,https://twitter.com/nestorkim/status/1524476530314948608?s=21&t=zGxW11q5LTnOyFKD4JbeHQ,https://web.archive.org/web/20220512011009/https://twitter.com/JohnDaytrader/status/1524557273963585536
JohnDaytrader,TRUE,2022-05-12,https://twitter.com/nestorkim/status/1524476530314948608?s=21&t=zGxW11q5LTnOyFKD4JbeHQ,https://web.archive.org/web/20220512005854/https://twitter.com/JohnDaytrader/status/1524554465914888194
JohnDaytrader,TRUE,2022-05-11,@MarketRebels @jonnajarian https://t.co/JVRBQQRDQv,https://web.archive.org/web/20220511221814/https://twitter.com/JohnDaytrader/status/1524514244552794112
JohnDaytrader,TRUE,2022-05-11,https://twitter.com/nestorkim/status/1524476530314948608?s=21&t=zGxW11q5LTnOyFKD4JbeHQ,https://web.archive.org/web/20220511221819/https://twitter.com/JohnDaytrader/status/1524514155990073345
JohnDaytrader,TRUE,2022-05-11,https://twitter.com/nestorkim/status/1524476530314948608?s=21&t=zGxW11q5LTnOyFKD4JbeHQ,https://web.archive.org/web/20220511221404/https://twitter.com/JohnDaytrader/status/1524513090091597824
JohnDaytrader,TRUE,2022-05-11,https://twitter.com/nestorkim/status/1524476530314948608?s=21&t=zGxW11q5LTnOyFKD4JbeHQ,https://web.archive.org/web/20220511221300/https://twitter.com/JohnDaytrader/status/1524512681817948160
JohnDaytrader,TRUE,2022-05-11,https://twitter.com/nestorkim/status/1524476530314948608?s=21&t=zGxW11q5LTnOyFKD4JbeHQ,https://web.archive.org/web/20220511221150/https://twitter.com/JohnDaytrader/status/1524512479170203653
JohnDaytrader,TRUE,2022-05-11,https://twitter.com/nestorkim/status/1524476530314948608?s=21&t=zGxW11q5LTnOyFKD4JbeHQ,https://web.archive.org/web/20220511211232/https://twitter.com/JohnDaytrader/status/1524497488765497344
JohnDaytrader,TRUE,2022-05-11,https://twitter.com/nestorkim/status/1524476530314948608?s=21&t=zGxW11q5LTnOyFKD4JbeHQ,https://web.archive.org/web/20220511205756/https://twitter.com/JohnDaytrader/status/1524493821530279939
JohnDaytrader,TRUE,2022-05-11,https://twitter.com/nestorkim/status/1524476530314948608?s=21&t=r8TtM2jhKUVbLBqXBnMP4A,https://web.archive.org/web/20220511201654/https://twitter.com/JohnDaytrader/status/1524483516381155340
JohnDaytrader,TRUE,2022-05-11,https://twitter.com/nestorkim/status/1524476530314948608?s=21&t=r8TtM2jhKUVbLBqXBnMP4A,https://web.archive.org/web/20220511200414/https://twitter.com/JohnDaytrader/status/1524480398138486784
JohnDaytrader,TRUE,2022-05-11,$LUNA  https://twitter.com/nestorkim/status/1524476530314948608?s=21&t=r8TtM2jhKUVbLBqXBnMP4A,https://web.archive.org/web/20220511200406/https://twitter.com/JohnDaytrader/status/1524480207540965377
JohnDaytrader,TRUE,2022-05-11,$LUNA   $UST  https://twitter.com/nestorkim/status/1524478599096582144?s=21&t=r8TtM2jhKUVbLBqXBnMP4A,https://web.archive.org/web/20220511200302/https://twitter.com/JohnDaytrader/status/1524479949041766406
JohnDaytrader,TRUE,2022-05-11,https://twitter.com/nestorkim/status/1524476530314948608?s=21&t=r8TtM2jhKUVbLBqXBnMP4A,https://web.archive.org/web/20220511200119/https://twitter.com/JohnDaytrader/status/1524479691951943680
JohnDaytrader,TRUE,2022-05-11,https://twitter.com/nestorkim/status/1524478599096582144?s=21&t=r8TtM2jhKUVbLBqXBnMP4A,https://web.archive.org/web/20220511200037/https://twitter.com/JohnDaytrader/status/1524479545197355015
JohnDaytrader,TRUE,2022-05-11,https://twitter.com/nestorkim/status/1524051318914138112?s=21&t=KH237zBvKqVBHU02PojxDg,https://web.archive.org/web/20220511124311/https://twitter.com/JohnDaytrader/status/1524369423938772994
JohnDaytrader,TRUE,2022-05-11,https://twitter.com/nestorkim/status/1523725246762987520?s=21&t=KH237zBvKqVBHU02PojxDg,https://web.archive.org/web/20220511123248/https://twitter.com/JohnDaytrader/status/1524366717668970496
JohnDaytrader,TRUE,2022-05-11,https://twitter.com/nestorkim/status/1523725246762987520?s=21&t=KH237zBvKqVBHU02PojxDg,https://web.archive.org/web/20220511113955/https://twitter.com/JohnDaytrader/status/1524353390012211201
JohnDaytrader,TRUE,2022-05-11,https://twitter.com/nestorkim/status/1523725246762987520?s=21&t=KH237zBvKqVBHU02PojxDg,https://web.archive.org/web/20220511113932/https://twitter.com/JohnDaytrader/status/1524353235900940289
JohnDaytrader,TRUE,2022-05-11,https://twitter.com/nestorkim/status/1524051318914138112?s=21&t=KH237zBvKqVBHU02PojxDg,https://web.archive.org/web/20220511113749/https://twitter.com/JohnDaytrader/status/1524353010532552706
JohnDaytrader,TRUE,2022-05-11,https://twitter.com/nestorkim/status/1524051318914138112?s=21&t=KH237zBvKqVBHU02PojxDg,https://web.archive.org/web/20220511112516/https://twitter.com/JohnDaytrader/status/1524349677428420609
JohnDaytrader,TRUE,2022-05-10,#inflation  trending https://twitter.com/nestorkim/status/1523725246762987520?s=21&t=HA-N9WX4BjaAIxO6zpG3Hg,https://web.archive.org/web/20220510235026/https://twitter.com/JohnDaytrader/status/1524174971358126082
JohnDaytrader,TRUE,2022-05-10,Donâ€™t matterâ€¦ China going to fuck the US economyâ€¦ https://twitter.com/nestorkim/status/1524051318914138112?s=21&t=g2IlgYTHHbzAtYoiuMZEqw,https://web.archive.org/web/20220510164121/https://twitter.com/JohnDaytrader/status/1524064445265235969
JohnDaytrader,TRUE,2022-05-10,https://twitter.com/nestorkim/status/1524051318914138112?s=21&t=g2IlgYTHHbzAtYoiuMZEqw,https://web.archive.org/web/20220510164625/https://twitter.com/JohnDaytrader/status/1524059780066779137
JohnDaytrader,TRUE,2022-05-10,#BidenInflation  https://twitter.com/nestorkim/status/1523725246762987520?s=21&t=SvNq8Id26kIOBmpH9-6SVQ,https://web.archive.org/web/20220510033849/https://twitter.com/JohnDaytrader/status/1523870037953720320
JohnDaytrader,TRUE,2022-05-09,https://twitter.com/nestorkim/status/1523725246762987520?s=21&t=PVO4mm95a-lhFZdJQdntPA,https://web.archive.org/web/20220509181235/https://twitter.com/JohnDaytrader/status/1523727520725577728
JohnDaytrader,TRUE,2022-04-29,Jon is correct that Buffett didnâ€™t want to buy  $AAPL   @ScottWapnerCNBC   @HalftimeReport  https://twitter.com/nestorkim/status/1520074811082514432?s=21&t=90LhMY8KboK1bQrNtGqHzQ,https://web.archive.org/web/20220429162650/https://twitter.com/JohnDaytrader/status/1520076960856215552
JohnDaytrader,TRUE,2022-04-26,$TWTR  https://twitter.com/nestorkim/status/1518664925056483328?s=21&t=NqZKWixXDv6CSBXXcXMAcg,https://web.archive.org/web/20220426021459/https://twitter.com/JohnDaytrader/status/1518775557533618177
JohnDaytrader,TRUE,2022-04-26,$TWTR  https://twitter.com/nestorkim/status/1518664925056483328?s=21&t=NqZKWixXDv6CSBXXcXMAcg,https://web.archive.org/web/20220426021755/https://twitter.com/JohnDaytrader/status/1518775449454788610
JohnDaytrader,TRUE,2022-04-25,ðŸ¤£  $TWTR  https://twitter.com/nestorkim/status/1518669126851461120,https://web.archive.org/web/20220425191902/https://twitter.com/JohnDaytrader/status/1518670732758237186
JohnDaytrader,TRUE,2022-04-15,$UUUU  going higher  #uranium  https://twitter.com/nestorkim/status/1514204623476826112?s=21&t=gwwE87erVZsBWh1s3OK4Bw,https://web.archive.org/web/20220415121106/https://twitter.com/JohnDaytrader/status/1514939187841191942
JohnDaytrader,TRUE,2022-04-14,$UUUU  going higher ðŸš€   #uranium  https://twitter.com/nestorkim/status/1514204623476826112?s=21&t=P8cJX5qsnUHWP_7gKmp1vQ,https://web.archive.org/web/20220414121505/https://twitter.com/JohnDaytrader/status/1514577870064177160
JohnDaytrader,TRUE,2022-04-13,Buy  $UUUU   $DNN    #uranium   #NuclearEnergy  https://twitter.com/nestorkim/status/1514204623476826112?s=21&t=lMroSe_Sh4KpJdHIBWOWWA,https://web.archive.org/web/20220413202050/https://twitter.com/JohnDaytrader/status/1514337754041229313
JohnDaytrader,TRUE,2022-04-13,Buy  $UUUU   $DNN   #uranium  https://twitter.com/nestorkim/status/1514204623476826112?s=21&t=lMroSe_Sh4KpJdHIBWOWWA,https://web.archive.org/web/20220413201908/https://twitter.com/JohnDaytrader/status/1514337228138373124
JohnDaytrader,TRUE,2022-04-13,$UUUU  ðŸš€   #uranium  https://twitter.com/nestorkim/status/1514204623476826112?s=21&t=lMroSe_Sh4KpJdHIBWOWWA,https://web.archive.org/web/20220413175912/https://twitter.com/JohnDaytrader/status/1514302117976096770
JohnDaytrader,TRUE,2022-04-13,$UUUU  still has more upside  #uranium  https://twitter.com/nestorkim/status/1514204623476826112?s=21&t=1bHE6pjI6qQ9FkocDE_lLA,https://web.archive.org/web/20220413152250/https://twitter.com/JohnDaytrader/status/1514262511461281800
JohnDaytrader,TRUE,2022-04-13,Uranium just getting started   $UUUU   $DNN   $CCJ   $URNM   $URA   #NuclearEnergy  https://twitter.com/nestorkim/status/1514204623476826112?s=21&t=1bHE6pjI6qQ9FkocDE_lLA,https://web.archive.org/web/20220413151139/https://twitter.com/JohnDaytrader/status/1514259825856815104
JohnDaytrader,TRUE,2022-04-13,Letâ€™s go  $UUUU  ðŸš€   #uranium  https://twitter.com/nestorkim/status/1514204623476826112?s=21&t=1bHE6pjI6qQ9FkocDE_lLA,https://web.archive.org/web/20220413151146/https://twitter.com/JohnDaytrader/status/1514259111994658823
JohnDaytrader,TRUE,2022-04-13,Buy  $UUUU   $DNN   $CCJ   $URNM   $URA   #uranium  https://twitter.com/nestorkim/status/1514204623476826112?s=21&t=1bHE6pjI6qQ9FkocDE_lLA,https://web.archive.org/web/20220413143702/https://twitter.com/JohnDaytrader/status/1514251240556961793
JohnDaytrader,TRUE,2022-04-13,Uranium bull market is just starting.   Buy  $UUUU   $DNN   $CCJ   $URNM   $URA   #NuclearEnergy  https://twitter.com/nestorkim/status/1514204623476826112?s=21&t=1bHE6pjI6qQ9FkocDE_lLA,https://web.archive.org/web/20220413131620/https://twitter.com/JohnDaytrader/status/1514230934974967814
JohnDaytrader,TRUE,2022-04-13,Uranium going to continue ðŸš€  Buy  $UUUU   $DNN   $CCJ   $URNM   $URA  https://twitter.com/nestorkim/status/1514204623476826112?s=21&t=1bHE6pjI6qQ9FkocDE_lLA,https://web.archive.org/web/20220413125045/https://twitter.com/JohnDaytrader/status/1514224501910867971
JohnDaytrader,TRUE,2022-03-24,Uranium going to ðŸš€  Get in now before it takes off!  $UUUU   $DNN   $CCJ   $URNM   $URA  https://twitter.com/nestorkim/status/1505540592457105414?s=21,https://web.archive.org/web/20220324192146/https://twitter.com/JohnDaytrader/status/1507075172741881862
JohnDaytrader,TRUE,2022-03-23,Uranium ðŸš€  Donâ€™t forget  $UUUU   $DNN  https://twitter.com/nestorkim/status/1505540592457105414?s=21,https://web.archive.org/web/20220323232800/https://twitter.com/JohnDaytrader/status/1506774708854923271
JohnDaytrader,TRUE,2022-03-23,Nuclear Energy is the future! Buy uranium  $UUUU   $DNN   $CCJ   $URNM   $URA  https://twitter.com/nestorkim/status/1505540592457105414?s=21,https://web.archive.org/web/20220323131251/https://twitter.com/JohnDaytrader/status/1506619718748286977
JohnDaytrader,TRUE,2022-03-23,Uranium going to ðŸš€   $UUUU   $DNN   $CCJ   $URA   $URNM  https://twitter.com/nestorkim/status/1505540592457105414?s=21,https://web.archive.org/web/20220323104941/https://twitter.com/JohnDaytrader/status/1506583854102069253
JohnDaytrader,TRUE,2022-03-22,Uranium going higher  $UUUU   $DNN   $CCJ   $URNM   $URA  https://twitter.com/nestorkim/status/1505540592457105414?s=21,https://web.archive.org/web/20220322012625/https://twitter.com/JohnDaytrader/status/1506079753132027906
JohnDaytrader,TRUE,2022-03-21,Uranium going to ðŸš€   $UUUU   $DNN   $CCJ   $URNM   $URA  https://twitter.com/nestorkim/status/1505540592457105414?s=21,https://web.archive.org/web/20220321234202/https://twitter.com/JohnDaytrader/status/1506052929949687812
JohnDaytrader,TRUE,2022-03-21,Nuclear Energy is the future Buy uranium   $UUUU   $DNN   $CCJ   $URA   $URNM  https://twitter.com/nestorkim/status/1505540592457105414?s=21,https://web.archive.org/web/20220321143640/https://twitter.com/JohnDaytrader/status/1505916160402984964
JohnDaytrader,TRUE,2022-03-21,Buy uranium ðŸš€   $UUUU   $DNN   $CCJ   $URA   $URNM  Nuclear Energy https://twitter.com/nestorkim/status/1505540592457105414?s=21,https://web.archive.org/web/20220321141856/https://twitter.com/JohnDaytrader/status/1505911670228627467
JohnDaytrader,TRUE,2022-03-21,Buy uranium ðŸš€   $UUUU   $DNN   $CCJ   $URNM   $URA   #NuclearEnergy  https://twitter.com/nestorkim/status/1505540592457105414?s=21,https://web.archive.org/web/20220321141614/https://twitter.com/JohnDaytrader/status/1505910072769228800
JohnDaytrader,TRUE,2022-03-21,Buy uranium ðŸš€   $UUUU   $DNN   $CCJ   $URNM   $URA  https://twitter.com/nestorkim/status/1505540592457105414?s=21,https://web.archive.org/web/20220321140816/https://twitter.com/JohnDaytrader/status/1505909028144168966
JohnDaytrader,TRUE,2022-03-21,Uranium ðŸš€   $UUUU   $DNN   $CCJ   $URNM   $URA   #NuclearEnergy   #U3O8  https://twitter.com/nestorkim/status/1505540592457105414,https://web.archive.org/web/20220321140724/https://twitter.com/JohnDaytrader/status/1505908791631650823
JohnDaytrader,TRUE,2022-03-21,"Yes, nuclear energy is the answer and the future. Buy uranium  $UUUU   $DNN   $CCJ   $URNM   $URA  https://twitter.com/nestorkim/status/1505540592457105414?s=21",https://web.archive.org/web/20220321103726/https://twitter.com/JohnDaytrader/status/1505855967900147714
JohnDaytrader,TRUE,2022-03-21,Nuclear Energy is the future.  Buy uranium  $UUUU   $DNN   $CCJ   $URNM   $URA  https://twitter.com/nestorkim/status/1505540592457105414?s=21,https://web.archive.org/web/20220321101133/https://twitter.com/JohnDaytrader/status/1505848438780575746
JohnDaytrader,TRUE,2022-03-21,Buy uranium  $UUUU   $DNN   $CCJ   $URNM   $URA    #NuclearEnergy  https://twitter.com/nestorkim/status/1505540592457105414?s=21,https://web.archive.org/web/20220321095343/https://twitter.com/JohnDaytrader/status/1505844874649686022
JohnDaytrader,TRUE,2022-03-21,Uranium stocks!   $UUUU   $DNN   $CCJ   $URNM   $URA  https://twitter.com/nestorkim/status/1505540592457105414?s=21,https://web.archive.org/web/20220321002807/https://twitter.com/JohnDaytrader/status/1505702630252847107
JohnDaytrader,TRUE,2022-03-20,Uranium looking bullish ðŸ“ˆ  $UUUU   $DNN   $CCJ   $URNM   $URA  https://twitter.com/nestorkim/status/1505540592457105414?s=21,https://web.archive.org/web/20220320145543/https://twitter.com/JohnDaytrader/status/1505558536536866816
JohnDaytrader,TRUE,2022-03-20,Tons of flow on uranium stocks in the past 2 weeks.  Uranium bull market just started.  Nuclear Energy is the future.  $UUUU   $DNN   $CCJ   $URNM   $URA   #NuclearEnergy  https://twitter.com/nestorkim/status/1505540592457105414?s=21,https://web.archive.org/web/20220320140002/https://twitter.com/JohnDaytrader/status/1505544093874720768
JohnDaytrader,TRUE,2022-03-13,Nuclear Energy is the future  $UUUU   #uranium   #U3O8  https://twitter.com/nestorkim/status/1455951511247327240?s=21,https://web.archive.org/web/20220313131326/https://twitter.com/JohnDaytrader/status/1502996166706880517
JohnDaytrader,TRUE,2022-03-13,Nuclear Energy is the future Uranium  $UUUU  https://twitter.com/nestorkim/status/1455951511247327240?s=21,https://web.archive.org/web/20220313130233/https://twitter.com/JohnDaytrader/status/1502993349397123078
JohnDaytrader,TRUE,2022-03-13,Nuclear Energy is the future! Buy uranium  $UUUU   $DNN   $CCJ   $URNM   $URA  https://twitter.com/nestorkim/status/1455951511247327240?s=21,https://web.archive.org/web/20220313115757/https://twitter.com/JohnDaytrader/status/1502977033441325059
JohnDaytrader,TRUE,2022-03-13,Nuclear Energy is the future! Buy uranium  $UUUU   $DNN   $CCJ   $URNM   $URA  https://twitter.com/nestorkim/status/1455951511247327240?s=21,https://web.archive.org/web/20220313111711/https://twitter.com/JohnDaytrader/status/1502966797494063108
JohnDaytrader,TRUE,2022-03-13,https://twitter.com/nestorkim/status/1455951511247327240?s=21,https://web.archive.org/web/20220313110850/https://twitter.com/JohnDaytrader/status/1502964636525920257
JohnDaytrader,TRUE,2022-03-13,Nuclear Energy is the future Buy uranium  $UUUU   $DNN   $CCJ   $URNM   $URA  https://twitter.com/nestorkim/status/1455951511247327240?s=21,https://web.archive.org/web/20220313110745/https://twitter.com/JohnDaytrader/status/1502964477230264326
JohnDaytrader,TRUE,2022-03-13,Nuclear Energy is the future - buy uranium  $UUUU   $DNN   $CCJ   $URNM   $URA  https://twitter.com/nestorkim/status/1455951511247327240?s=21,https://web.archive.org/web/20220313042220/https://twitter.com/JohnDaytrader/status/1502862260674433031
JohnDaytrader,TRUE,2022-03-13,Ummmâ€¦ he actually sold all his shares in  $DKNG  awhile ago for an enormous profit He actually posts pretty damn good trades,https://web.archive.org/web/20220313033249/https://twitter.com/JohnDaytrader/status/1502848835692994561
JohnDaytrader,TRUE,2022-03-12,Nuclear Energy is the future!  Buy uranium  $UUUU   $DNN   $CCJ   $URNM   $URA   #U3O8  https://twitter.com/nestorkim/status/1500673316918820865?s=21,https://web.archive.org/web/20220313052702/https://twitter.com/JohnDaytrader/status/1502609776173363201
JohnDaytrader,TRUE,2022-03-11,Nuclear Energy is the future!  Buy uranium  $UUUU   $DNN   $CCJ   $URNM   $URA  https://twitter.com/nestorkim/status/1500673316918820865?s=21,https://web.archive.org/web/20220311230632/https://twitter.com/JohnDaytrader/status/1502420606297554948
JohnDaytrader,TRUE,2022-03-10,Uranium!   $UUUU   $DNN   $CCJ   $URNM   $URA  https://twitter.com/nestorkim/status/1501683206180978697?s=21,https://web.archive.org/web/20220310011057/https://twitter.com/JohnDaytrader/status/1501727127103811587
JohnDaytrader,TRUE,2022-03-10,Nuclear Energy is the future.  Buy uranium  $CCJ   $DNN   $UUUU   $URNM   $URA  https://twitter.com/nestorkim/status/1500673316918820865?s=21,https://web.archive.org/web/20220310004339/https://twitter.com/JohnDaytrader/status/1501720322155896834
JohnDaytrader,TRUE,2022-03-10,Uranium ðŸ“ˆ   $UUUU   $DNN   $CCJ   $URNM   $URA   #NuclearEnergy   #U3O8  https://twitter.com/nestorkim/status/1501697904880328707?s=21,https://web.archive.org/web/20220310000525/https://twitter.com/JohnDaytrader/status/1501710658013908992
JohnDaytrader,TRUE,2022-03-09,Buy uranium  $UUUU   $DNN   $CCJ   $URNM   $URA  Nuclear Energy is the future https://twitter.com/nestorkim/status/1500673316918820865?s=21,https://web.archive.org/web/20220309221858/https://twitter.com/JohnDaytrader/status/1501683869925400580
JohnDaytrader,TRUE,2022-03-09,Nuclear Energy solves this problem.  The US better start building Nuclear Plants.  Buy uranium  $UUUU   $DNN   $CCJ   $URNM   $URA  https://twitter.com/nestorkim/status/1500673316918820865?s=21,https://web.archive.org/web/20220309220715/https://twitter.com/JohnDaytrader/status/1501679878244290561
JohnDaytrader,TRUE,2022-03-09,Buy uranium  $UUUU   $DNN   $CCJ   $URNM   $URA  https://twitter.com/nestorkim/status/1500673316918820865?s=21,https://web.archive.org/web/20220309205815/https://twitter.com/JohnDaytrader/status/1501663617988632577
JohnDaytrader,TRUE,2022-03-09,Buy uranium  $UUUU   $DNN   $CCJ   $URNM   $URA  https://twitter.com/nestorkim/status/1500673316918820865?s=21,https://web.archive.org/web/20220309205801/https://twitter.com/JohnDaytrader/status/1501663480419651586
JohnDaytrader,TRUE,2022-03-09,Buy uranium  $UUUU   $DNN   $CCJ   $URNM   $URA  https://twitter.com/nestorkim/status/1500673316918820865?s=21,https://web.archive.org/web/20220309205711/https://twitter.com/JohnDaytrader/status/1501663337112866818
JohnDaytrader,TRUE,2022-03-09,Buy uranium  $UUUU   $DNN   $CCJ   $URNM   $URA  https://twitter.com/nestorkim/status/1500673316918820865?s=21,https://web.archive.org/web/20220309205327/https://twitter.com/JohnDaytrader/status/1501662433626271744
JohnDaytrader,TRUE,2022-03-09,Buy uranium  $UUUU   $DNN   $CCJ   $URNM   $URA,https://web.archive.org/web/20220309201939/https://twitter.com/JohnDaytrader/status/1501653713731166219
JohnDaytrader,TRUE,2022-03-08,Nuclear Energy is the future.  Buy uranium  $UUUU   $DNN   $CCJ   $URNM  https://twitter.com/nestorkim/status/1500673316918820865?s=21,https://web.archive.org/web/20220308030618/https://twitter.com/JohnDaytrader/status/1501031410055925764
JohnDaytrader,TRUE,2022-03-07,Nuclear Energy is the future!  Buy uranium  $UUUU   $DNN   $CCJ   $URNM   $URA  https://twitter.com/nestorkim/status/1500673316918820865?s=21,https://web.archive.org/web/20220307225517/https://twitter.com/JohnDaytrader/status/1500968047745585162
JohnDaytrader,TRUE,2022-03-07,$SPY  ðŸ“‰ https://twitter.com/nestorkim/status/1500118291163058186?s=21,https://web.archive.org/web/20220307171034/https://twitter.com/JohnDaytrader/status/1500880519906607106
JohnDaytrader,TRUE,2022-03-07,Russia is not going to blow up a nuclear reactorâ€¦ https://twitter.com/nestorkim/status/1499914546600890370?s=21,https://web.archive.org/web/20220307044757/https://twitter.com/JohnDaytrader/status/1500694085308489731
JohnDaytrader,TRUE,2022-02-03,$AMZN  ðŸ¤£ https://twitter.com/nestorkim/status/1489215075453915139?s=21,https://web.archive.org/web/20220203132836/https://twitter.com/JohnDaytrader/status/1489227993025241090
JohnDaytrader,TRUE,2022-02-03,$AMZN   $FB   $PYPL   $QQQ  https://twitter.com/nestorkim/status/1489215075453915139?s=21,https://web.archive.org/web/20220203130241/https://twitter.com/JohnDaytrader/status/1489221526574485507
JohnDaytrader,TRUE,2022-01-06,Buy uranium stocks!   $UUUU   $DNN   $CCJ   $URNM   $URA  https://twitter.com/nestorkim/status/1478944767425794052?s=21,https://web.archive.org/web/20220106050108/https://twitter.com/JohnDaytrader/status/1478953421877227520
JohnDaytrader,TRUE,2021-12-31,#NuclearEnergy   #uranium  https://twitter.com/nestorkim/status/1476225343782629377?s=21,https://web.archive.org/web/20211231125310/https://twitter.com/JohnDaytrader/status/1476897852911718404
JohnDaytrader,TRUE,2021-12-29,#uranium   #nuclearenergy  https://twitter.com/nestorkim/status/1476225343782629377?s=21,https://web.archive.org/web/20211229175920/https://twitter.com/JohnDaytrader/status/1476234112876875783
JohnDaytrader,TRUE,2021-11-08,Buy uranium   $CCJ   $UUUU   $DNN  https://twitter.com/nestorkim/status/1457107130721443849?s=21,https://web.archive.org/web/20211108202047/https://twitter.com/JohnDaytrader/status/1457801996325437447
JohnDaytrader,TRUE,2021-11-06,Nuclear Energy is the answer and China announced last week they will be investing a ton in Nuclear.  Buy uranium  $CCJ   $UUUU   $DNN  https://twitter.com/nestorkim/status/1455951511247327240?s=21,https://web.archive.org/web/20211106213541/https://twitter.com/JohnDaytrader/status/1457086172354723842
JohnDaytrader,TRUE,2021-11-05,Buy uranium  $CCJ   $UUUU   $DNN  https://twitter.com/nestorkim/status/1455951511247327240?s=21,https://web.archive.org/web/20211105080113/https://twitter.com/JohnDaytrader/status/1456532005840166940
JohnDaytrader,TRUE,2021-10-13,Do you know this Nestor? Nestor?   #uranium   $UUUU   $CCJ   $DNN  https://twitter.com/nestorkim/status/1448101043145936912?s=21,https://web.archive.org/web/20211013014950/https://twitter.com/JohnDaytrader/status/1448103629983002631
JohnDaytrader,TRUE,2021-10-13,#Uranium   $CCJ   $UUUU   $DNN  https://twitter.com/nestorkim/status/1448101043145936912?s=21,https://web.archive.org/web/20211013014640/https://twitter.com/JohnDaytrader/status/1448102802966945797
JohnDaytrader,TRUE,2021-09-15,Buy  $UUUU   $DNN   $CCJ    #uranium   #nuclearenergy  https://twitter.com/nestorkim/status/1438119754280095745?s=21,https://web.archive.org/web/20210916132040/https://twitter.com/JohnDaytrader/status/1438213563701764098
JohnDaytrader,TRUE,2021-09-15,#Uranium   #NuclearEnergy  https://twitter.com/nestorkim/status/1437921201633079297?s=21,https://web.archive.org/web/20210916000138/https://twitter.com/JohnDaytrader/status/1438077795872161793
JohnDaytrader,TRUE,2021-09-14,#uranium   $CCJ   $UUUU   $DNN  https://twitter.com/nestorkim/status/1437921201633079297?s=21,https://web.archive.org/web/20210915112712/https://twitter.com/JohnDaytrader/status/1437926776353734660
JohnDaytrader,TRUE,2021-07-06,Thereâ€™s still that gap down at $276.82,https://web.archive.org/web/20210706164519/https://twitter.com/JohnDaytrader/status/1412452571915096069
JohnDaytrader,TRUE,2021-04-07,pic.twitter.com/1YLlWGWhmr,https://web.archive.org/web/20210407214624/https://twitter.com/JohnDaytrader/status/1379913421194469377
JohnDaytrader,TRUE,2021-02-06,Great call on  $UUUU  You have an updated chart?  Next PT?,https://web.archive.org/web/20210206112810/https://twitter.com/JohnDaytrader/status/1358014524385873920
JohnDaytrader,TRUE,2021-02-02,Thereâ€™s a couple of people I follow that shows  their losses but  @nestorkim  is the most transparent with his trades - he tells you his trade position win or lose. https://twitter.com/nestorkim/status/1344305648494735360?s=21,https://web.archive.org/web/20210202122502/https://twitter.com/JohnDaytrader/status/1356579277584687105
JohnDaytrader,TRUE,2021-01-28,Silver and Gold ðŸš€,https://web.archive.org/web/20210128150654/https://twitter.com/JohnDaytrader/status/1354807973399252997
JohnDaytrader,TRUE,2021-01-05,Great timing!   @jonnajarian  just mentioned this trade on  @HalftimeReport   $TEVA,https://web.archive.org/web/20210105175222/https://twitter.com/JohnDaytrader/status/1346514844690726912
JohnDaytrader,TRUE,2020-12-17,Huge call flows in this today!,https://web.archive.org/web/20201217162043/https://twitter.com/JohnDaytrader/status/1339606020713148420
JohnDaytrader,TRUE,2020-12-02,$AMD  pic.twitter.com/6q6pHXhKxI,https://web.archive.org/web/20201202162106/https://twitter.com/JohnDaytrader/status/1334157379093467136
JohnDaytrader,TRUE,2020-11-30,Great call on  $AAPL  too ðŸš€ pic.twitter.com/b338fWF4Gz,https://web.archive.org/web/20201130214317/https://twitter.com/JohnDaytrader/status/1333507719504957441
JohnDaytrader,TRUE,2020-11-30,Great call on  $AMD  ðŸš€ pic.twitter.com/ZcvLUQ8umh,https://web.archive.org/web/20201130214937/https://twitter.com/JohnDaytrader/status/1333507059774492672
JohnDaytrader,TRUE,2020-11-16,$TSLA  ðŸš€ pic.twitter.com/lWX6mht2OX,https://web.archive.org/web/20201116231753/https://twitter.com/JohnDaytrader/status/1328464766029811713
JohnDaytrader,TRUE,2020-11-16,I bet E*TRADE is stealing some commission from a lot of traders without them even noticing but you did.  I would get a lawyer and file a lawsuit.  #lawsuit,https://web.archive.org/web/20201116155556/https://twitter.com/JohnDaytrader/status/1328363440604282880
JohnDaytrader,TRUE,2020-10-28,pic.twitter.com/gqjFtOjjob,https://web.archive.org/web/20201028141341/https://twitter.com/JohnDaytrader/status/1321454877256478721
JohnDaytrader,TRUE,2020-10-21,So your not going to hold  $TSLA  through earnings then?,https://web.archive.org/web/20201021034008/https://twitter.com/JohnDaytrader/status/1318758863173083140
JohnDaytrader,TRUE,2020-10-12,How long you shorting these  $AMZN   $AAPL   $MSFT  GOOGL FB,https://web.archive.org/web/20201012153527/https://twitter.com/JohnDaytrader/status/1315676239340867584
JohnDaytrader,TRUE,2020-08-27,This is actually a good deal with premiums so high for the past several months.  Wish  @JMBullion  has a deal like this since I have an account with them.  I may have to buy some tubes.,https://web.archive.org/web/20200827204159/https://twitter.com/JohnDaytrader/status/1299084573951758336
JohnDaytrader,TRUE,2020-08-17,@realwillmeade   $GOLD   $BRK.A   $BRK.B  https://twitter.com/nestorkim/status/1294632705661865984,https://web.archive.org/web/20200817154627/https://twitter.com/JohnDaytrader/status/1295386250556235776
JohnDaytrader,TRUE,2020-08-14,Have you guys ever charted  $VIAC,https://web.archive.org/web/20200814034748/https://twitter.com/JohnDaytrader/status/1294117883186827264
JohnDaytrader,TRUE,2020-08-11,Ok please post once you buy silver and gold.,https://web.archive.org/web/20200811190806/https://twitter.com/JohnDaytrader/status/1293262854561308672
JohnDaytrader,TRUE,2020-08-10,Iâ€™m following you on this one too!,https://web.archive.org/web/20200810180943/https://twitter.com/JohnDaytrader/status/1292877366558040065
JohnDaytrader,TRUE,2020-08-06,Completely agree!  I canâ€™t believe people donâ€™t see this.   $TIP  is so overbought just like gold and silver.,https://web.archive.org/web/20200806223700/https://twitter.com/JohnDaytrader/status/1291503512505917442
JohnDaytrader,TRUE,2020-08-03,Hmmm... this one is very interesting ðŸ¤” I like it!,https://web.archive.org/web/20200803174737/https://twitter.com/JohnDaytrader/status/1290341553966182406
JohnDaytrader,TRUE,2020-07-31,Wow!  Great month! pic.twitter.com/5Q0qIuG1EF,https://web.archive.org/web/20200731175957/https://twitter.com/JohnDaytrader/status/1289259417381113857
JohnDaytrader,TRUE,2020-07-26,$EXK  please,https://web.archive.org/web/20200726001354/https://twitter.com/JohnDaytrader/status/1287178931649437696
JohnDaytrader,TRUE,2020-07-12,$AMD,https://web.archive.org/web/20200712194200/https://twitter.com/JohnDaytrader/status/1282399398903734272
JohnDaytrader,TRUE,2020-07-11,$CHWY,https://web.archive.org/web/20200711154820/https://twitter.com/JohnDaytrader/status/1281970337165373452
JohnDaytrader,TRUE,2020-07-09,Wow!  You had a good day! ðŸ’°,https://web.archive.org/web/20200709211633/https://twitter.com/JohnDaytrader/status/1281324372477632512
JohnDaytrader,TRUE,2020-07-08,$CLDR,https://web.archive.org/web/20200708220628/https://twitter.com/JohnDaytrader/status/1280985227033079808
JohnDaytrader,TRUE,2020-07-08,"@CNBCFastMoney    $COST  reports net sales of $16.18 billion in June. Sales up 11.1% from $14.57b LY For the 44 weeks ended July 5, 2020, Costco reported net sales of $136.37b, an increase of 8.1% from $126.13b during the similar period last year.  Can we see $340 in 2 months?",https://web.archive.org/web/20200708212052/https://twitter.com/JohnDaytrader/status/1280972576542519296
JohnDaytrader,TRUE,2020-06-18,$UAA   $VIAC,https://web.archive.org/web/20200618201232/https://twitter.com/JohnDaytrader/status/1273708791003926528
JohnDaytrader,TRUE,2020-06-17,$VIAC   $UAA,https://web.archive.org/web/20200617190632/https://twitter.com/JohnDaytrader/status/1273328828694196225
JohnDaytrader,TRUE,2020-06-16,$UAA  is over 60% down for the year.  One of the last retail brand names to rebound yet,https://web.archive.org/web/20200616234608/https://twitter.com/JohnDaytrader/status/1272947203137433600
JohnDaytrader,TRUE,2020-06-16,"Hi Stephanie, missed your advice during Halftime show today - Cooperman took up all the time ðŸ‘Ž What do you think of financials this week - your 2 favorites  $WFC   $JPM",https://web.archive.org/web/20200616024016/https://twitter.com/JohnDaytrader/status/1272717530725879808
JohnDaytrader,TRUE,2020-06-14,$COST   $SPCE,https://web.archive.org/web/20200614145021/https://twitter.com/JohnDaytrader/status/1272178592844144641
JohnDaytrader,TRUE,2020-06-11,$VIAC,https://web.archive.org/web/20200611202209/https://twitter.com/JohnDaytrader/status/1271173655393759233
JohnDaytrader,TRUE,2020-06-11,$VIAC   $UAA,https://web.archive.org/web/20200611192005/https://twitter.com/JohnDaytrader/status/1271146101538615296
JohnDaytrader,TRUE,2020-06-11,$VIAC  please,https://web.archive.org/web/20200611041514/https://twitter.com/JohnDaytrader/status/1270931756355444737
JohnDaytrader,TRUE,2020-06-10,$UAA,https://web.archive.org/web/20200610191550/https://twitter.com/JohnDaytrader/status/1270776017913704448
JohnDaytrader,TRUE,2020-06-10,Whatâ€™s wrong with Florida?,https://web.archive.org/web/20200610123506/https://twitter.com/JohnDaytrader/status/1270691783886823424
JohnDaytrader,TRUE,2020-06-10,"$COST  - rebound above $320  $VIAC  - sports coming back, NFL fall - PT $35  $UAA  - sports coming back - huge gap $20  $SPCE  - about to launch ðŸš€ pic.twitter.com/HbubVrsFqs",https://web.archive.org/web/20200610010645/https://twitter.com/JohnDaytrader/status/1270522020921372672
JohnDaytrader,TRUE,2020-06-05,pic.twitter.com/NIY94poCwb,https://web.archive.org/web/20200606024633/https://twitter.com/JohnDaytrader/status/1268931279409475584
JohnDaytrader,TRUE,2020-05-22,$AAL  will probably go bankrupt!   $UAL   $DAL   $LUV   $JETS   $SAVE   $JBLU    https://seekingalpha.com/article/4349678-american-airlines-first-to-go-under?utm_campaign=twitter_automated&utm_content=article&utm_medium=social&utm_source=twitter_automated  https://twitter.com/tenuredtrader/status/1263228590625222661,https://web.archive.org/web/20200522214742/https://twitter.com/JohnDaytrader/status/1263947338462027777
JohnDaytrader,TRUE,2020-05-22,Great info!  I can understand daytrading  $AAL  but to hold American Airlines long term is a bad investment!  They WILL have to get more loans and offerings /diluting shares.  Stock will probably go below $6 easy.  I would not be surprised if they go bankrupt!   $UAL   $DAL   $JETS   $LUV  https://twitter.com/tenuredtrader/status/1263236394681393153,https://web.archive.org/web/20200522214156/https://twitter.com/JohnDaytrader/status/1263945727970959360
JohnDaytrader,TRUE,2020-05-19,Your killing it!  #stocktrading   #makingmoney  pic.twitter.com/22v0jceYdR,https://web.archive.org/web/20200519162027/https://twitter.com/JohnDaytrader/status/1262776873018249216
JohnDaytrader,TRUE,2020-05-11,Nice call on that!,https://web.archive.org/web/20200513200236/https://twitter.com/JohnDaytrader/status/1259882847403298817
JohnDaytrader,TRUE,2020-04-22,How much are you down shorting  $SNAP,https://web.archive.org/web/20200501000057/https://twitter.com/JohnDaytrader/status/1253053909989376000
JohnDaytrader,TRUE,2020-04-22,Shorts getting killed today on  $SNAP  They might want to cover soon.  This will go over $18-19 tomorrow,https://web.archive.org/web/20200501000057/https://twitter.com/JohnDaytrader/status/1253053909989376000
JohnDaytrader,TRUE,2020-04-22,Why are traders shorting  $SNAP  when it was low $15s - stupid,https://web.archive.org/web/20200501142813/https://twitter.com/JohnDaytrader/status/1252988403798269953
JohnDaytrader,TRUE,2020-04-13,$DJI  showing a strong bear pattern  @realwillmeade   Bought some calls and 350 shares of  $SDOW    #bearmarket   #StockMarket  pic.twitter.com/uH5KrcNVuJ,https://web.archive.org/web/20200413193023/https://twitter.com/JohnDaytrader/status/1249771788713619460
JohnDaytrader,TRUE,2020-04-08,I heard this was true in other countries too?  #lockdown    #coronavirus   #COVID19  https://nypost.com/2020/04/07/51-recovered-coronavirus-patients-test-positive-again-in-south-korea/?utm_campaign=SocialFlow&utm_source=NYPFacebook&utm_medium=SocialFlow&sr_share=facebook,https://web.archive.org/web/20200408025818/https://twitter.com/JohnDaytrader/status/1247719872936603649
JohnDaytrader,TRUE,2020-03-22,Nope!   $TSLA  going below $300,https://web.archive.org/web/20200322054455/https://twitter.com/JohnDaytrader/status/1241596463928315904
JohnDaytrader,TRUE,2020-03-20,Interesting short on  $KMX,https://web.archive.org/web/20200320045412/https://twitter.com/JohnDaytrader/status/1240843660054257665
JohnDaytrader,TRUE,2020-03-19,Bought some at .35 this morning  $TTOO,https://web.archive.org/web/20200319131921/https://twitter.com/JohnDaytrader/status/1240617382634119170
JohnDaytrader,TRUE,2020-03-18,Most likely will get to $8 EOW,https://web.archive.org/web/20200318150508/https://twitter.com/JohnDaytrader/status/1240291571695636480
JohnDaytrader,TRUE,2020-03-15,This will definitely hurt the mental health of New Yorkers during an already tough time. pic.twitter.com/N6Vv0zDf7g,https://web.archive.org/web/20200315193351/https://twitter.com/JohnDaytrader/status/1239270399591890946
JohnDaytrader,TRUE,2020-03-15,"No sporting events for ESPN, no Disney cruises, no one in Disney hotels, no one in movie theaters. Parks will be closed longer than a month. All of this is over 50% of its revenue. Disney will pay all employees during closure. Feds pumping into this.  Donâ€™t fall for the head fake",https://web.archive.org/web/20200315044224/https://twitter.com/JohnDaytrader/status/1239049167797805056
JohnDaytrader,TRUE,2020-03-12,Wow!   #Disney  announced   #Californiaadventure  closure.  Nice trade!   #StockTrading  https://twitter.com/nestorkim/status/1238182973381337089,https://web.archive.org/web/20200313001751/https://twitter.com/JohnDaytrader/status/1238205262231515137
JohnDaytrader,TRUE,2020-03-12,Canâ€™t believe    #DisneyCaliforniaAdventure   #DisneylandParis  still open? Spreading  #coronavirus  at  #Disney,https://web.archive.org/web/20200313002330/https://twitter.com/JohnDaytrader/status/1238186909039341573
JohnDaytrader,TRUE,2020-03-11,Trump either downplaying it or just an idiot. Or both https://m.huffpost.com/us/entry/us_5e67ccddc5b68d61645be08a,https://web.archive.org/web/20200311021232/https://twitter.com/JohnDaytrader/status/1237557991584325634
JohnDaytrader,TRUE,2020-02-19,Did you buy more  $SPCE  this morning?,https://web.archive.org/web/20200219133319/https://twitter.com/JohnDaytrader/status/1230119261877624835
JohnDaytrader,TRUE,2020-02-15,Whatâ€™s your thoughts next week?  Any potential dip to buy in?,https://web.archive.org/web/20200215231438/https://twitter.com/JohnDaytrader/status/1228776517179543552
JohnDaytrader,TRUE,2020-02-01,"Your on pace of over $300,000 this year! ðŸ’°  #chinamarket   #coronavirus  pic.twitter.com/mKN9OyViMc",https://web.archive.org/web/20200201061342/https://twitter.com/JohnDaytrader/status/1223436924183957504
